{"SE_T025_006": {"max": 100.0, "min": 0.02}, "SE_T025_007": {"max": 66.67, "min": 0.02}, "SE_T025_004": {"max": 100.0, "min": 1.32}, "SE_T025_005": {"max": 100.0, "min": 0.07}, "SE_T025_002": {"max": 100.0, "min": 0.02}, "SE_T025_003": {"max": 100.0, "min": 0.23}, "SE_T025_001": {"max": 100.0, "min": 100.0}, "SE_T002_003": {"max": 85569.34732, "min": 0.003204262}, "SE_T002_002": {"max": 490596.6, "min": 0.008143796}, "SE_T002_001": {"max": 61133.0, "min": 3.0}, "SE_T025_008": {"max": 100.0, "min": 0.02}, "SE_T050_011": {"max": 100.0, "min": 0.01}, "SE_T050_010": {"max": 100.0, "min": 0.49}, "SE_T050_013": {"max": 100.0, "min": 0.03}, "SE_T050_012": {"max": 100.0, "min": 0.03}, "SE_T050_014": {"max": 100.0, "min": 0.03}, "SE_T078_002": {"max": 100.0, "min": 0.16}, "SE_T139_067": {"max": 100.0, "min": 0.02}, "SE_T004_003": {"max": 100.0, "min": 0.04}, "SE_T182_001": {"max": 100.0, "min": 100.0}, "SE_T139_122": {"max": 100.0, "min": 0.02}, "SE_T053_001": {"max": 100.0, "min": 100.0}, "SE_T053_003": {"max": 100.0, "min": 0.09}, "SE_T053_002": {"max": 100.0, "min": 10.04}, "SE_T053_005": {"max": 100.0, "min": 0.07}, "SE_T053_004": {"max": 100.0, "min": 0.05}, "SE_T050_003": {"max": 100.0, "min": 0.24}, "SE_T053_006": {"max": 22.38, "min": 0.02}, "SE_T139_034": {"max": 100.0, "min": 0.04}, "SE_T147_001": {"max": 71.0, "min": 1.0}, "SE_T013_005": {"max": 91.14, "min": 0.01}, "SE_T013_004": {"max": 100.0, "min": 0.01}, "SE_T013_007": {"max": 100.0, "min": 0.01}, "SE_T013_006": {"max": 78.51, "min": 0.01}, "SE_T013_001": {"max": 100.0, "min": 100.0}, "SE_T059_001": {"max": 508736.3732, "min": 4067.622951}, "SE_T013_003": {"max": 100.0, "min": 0.01}, "SE_T013_002": {"max": 100.0, "min": 0.04}, "SE_T056_017": {"max": 100.0, "min": 0.04}, "SE_T145_002": {"max": 100.0, "min": 0.01}, "SE_T007_002": {"max": 37.58, "min": 0.05}, "SE_T013_008": {"max": 100.0, "min": 0.01}, "SE_T080_002": {"max": 100.0, "min": 0.03}, "SE_T157_001": {"max": 0.832, "min": 0.0007}, "SE_T081_001": {"max": 100.0, "min": 100.0}, "SE_T081_002": {"max": 100.0, "min": 0.05}, "SE_T050_006": {"max": 100.0, "min": 0.03}, "SE_T050_007": {"max": 100.0, "min": 0.01}, "SE_T050_004": {"max": 100.0, "min": 0.02}, "SE_T050_005": {"max": 100.0, "min": 0.02}, "SE_T050_002": {"max": 100.0, "min": 0.16}, "SE_T139_085": {"max": 100.0, "min": 0.03}, "SE_T108_002": {"max": 100.0, "min": 0.87}, "SE_T050_001": {"max": 100.0, "min": 100.0}, "SE_T005_001": {"max": 100.0, "min": 100.0}, "SE_T145_001": {"max": 100.0, "min": 100.0}, "SE_T050_008": {"max": 61.54, "min": 0.03}, "SE_T050_009": {"max": 100.0, "min": 0.22}, "SE_T030_001": {"max": 100.0, "min": 100.0}, "SE_T030_002": {"max": 100.0, "min": 0.05}, "SE_T083_001": {"max": 227095.0, "min": 6.0}, "SE_T094_003": {"max": 100.0, "min": 0.28}, "SE_T004_001": {"max": 100.0, "min": 100.0}, "SE_T080_001": {"max": 100.0, "min": 100.0}, "SE_T139_002": {"max": 100.0, "min": 0.02}, "SE_T004_002": {"max": 100.0, "min": 1.73}, "SE_T057_001": {"max": 250001.0, "min": 2499.0}, "SE_T139_091": {"max": 100.0, "min": 0.07}, "SE_T094_001": {"max": 100.0, "min": 100.0}, "SE_T182_007": {"max": 100.0, "min": 0.03}, "SE_T108_001": {"max": 100.0, "min": 100.0}, "SE_T139_001": {"max": 100.0, "min": 100.0}, "SE_T182_002": {"max": 100.0, "min": 0.04}, "SE_T007_013": {"max": 100.0, "min": 0.01}, "SE_T007_001": {"max": 100.0, "min": 100.0}, "SE_T056_001": {"max": 100.0, "min": 100.0}, "SE_T056_002": {"max": 100.0, "min": 0.05}, "SE_T078_001": {"max": 100.0, "min": 100.0}}